"season","opponent","event_id","event_date","event_time","win","attendance","tickets_sold","tickets_resale","opponent_payroll","opponent_rank","opponent_win_pcnt","braves_payroll","braves_rank","braves_win_pcnt"
2011,"Arizona Diamondbacks",6347,"2011-08-20","19:10:00",1,31147,39783,5052,53.639833,28,0.401,87.003192,7,0.562
2011,"Arizona Diamondbacks",6348,"2011-08-21","13:35:00",1,24645,35274,2425,53.639833,28,0.401,87.003192,7,0.562
2011,"Arizona Diamondbacks",6346,"2011-08-19","19:35:00",1,23327,30599,3078,53.639833,28,0.401,87.003192,7,0.562
2011,"Baltimore Orioles",6323,"2011-07-02","19:10:00",1,33468,38766,6759,85.304038,27,0.407,87.003192,7,0.562
2011,"Baltimore Orioles",6324,"2011-07-03","13:35:00",0,18801,24580,2415,85.304038,27,0.407,87.003192,7,0.562
2011,"Baltimore Orioles",6322,"2011-07-01","19:35:00",1,29121,34459,3882,85.304038,27,0.407,87.003192,7,0.562
2011,"Chicago Cubs",6340,"2011-08-13","19:10:00",0,43117,50127,12190,125.480664,23,0.463,87.003192,7,0.562
2011,"Chicago Cubs",6341,"2011-08-14","13:35:00",0,24174,31943,3075,125.480664,23,0.463,87.003192,7,0.562
2011,"Chicago Cubs",6339,"2011-08-12","19:35:00",1,42247,50280,13796,125.480664,23,0.463,87.003192,7,0.562
2011,"Cincinnati Reds",6308,"2011-05-28","19:10:00",1,32200,38144,5416,76.181365,6,0.562,87.003192,7,0.562
2011,"Cincinnati Reds",6307,"2011-05-27","19:35:00",0,26389,31943,3063,76.181365,6,0.562,87.003192,7,0.562
2011,"Cincinnati Reds",6309,"2011-05-29","20:05:00",1,33543,37613,3799,76.181365,6,0.562,87.003192,7,0.562
2011,"Colorado Rockies",6328,"2011-07-07","13:05:00",1,15590,22710,1258,87.998071,14,0.512,87.003192,7,0.562
2011,"Colorado Rockies",6327,"2011-07-06","19:10:00",1,22176,27612,1858,87.998071,14,0.512,87.003192,7,0.562
2011,"Colorado Rockies",6325,"2011-07-04","19:10:00",1,29898,36537,5336,87.998071,14,0.512,87.003192,7,0.562
2011,"Colorado Rockies",6326,"2011-07-05","19:10:00",1,14114,18840,1467,87.998071,14,0.512,87.003192,7,0.562
2011,"Houston Astros",6306,"2011-05-17","13:05:00",1,15100,22108,919,70.694,22,0.469,87.003192,7,0.562
2011,"Houston Astros",6305,"2011-05-16","19:10:00",1,13157,18364,1059,70.694,22,0.469,87.003192,7,0.562
2011,"Los Angeles Dodgers",6352,"2011-09-02","19:35:00",0,23896,32464,3708,103.78899,19,0.494,87.003192,7,0.562
2011,"Los Angeles Dodgers",6353,"2011-09-03","19:10:00",0,27828,38033,5292,103.78899,19,0.494,87.003192,7,0.562
2011,"Los Angeles Dodgers",6354,"2011-09-04","13:35:00",1,26444,34278,3202,103.78899,19,0.494,87.003192,7,0.562
2011,"Miami Marlins",6286,"2011-04-12","19:10:00",1,9991,14891,994,56.944,18,0.494,87.003192,7,0.562
2011,"Miami Marlins",6288,"2011-04-14","19:10:00",0,13125,17815,905,56.944,18,0.494,87.003192,7,0.562
2011,"Miami Marlins",6338,"2011-07-31","13:35:00",0,18220,24661,1925,56.944,18,0.494,87.003192,7,0.562
2011,"Miami Marlins",6287,"2011-04-13","19:10:00",0,11290,15288,969,56.944,18,0.494,87.003192,7,0.562
2011,"Miami Marlins",6357,"2011-09-14","12:05:00",1,13182,22894,664,56.944,18,0.494,87.003192,7,0.562
2011,"Miami Marlins",6336,"2011-07-29","19:35:00",1,31759,37221,3747,56.944,18,0.494,87.003192,7,0.562
2011,"Miami Marlins",6355,"2011-09-12","19:10:00",0,10138,17858,761,56.944,18,0.494,87.003192,7,0.562
2011,"Miami Marlins",6356,"2011-09-13","19:10:00",1,13873,23369,905,56.944,18,0.494,87.003192,7,0.562
2011,"Miami Marlins",6337,"2011-07-30","19:10:00",1,34863,42249,5693,56.944,18,0.494,87.003192,7,0.562
2011,"Milwaukee Brewers",6298,"2011-05-05","19:10:00",1,11560,16538,912,85.497333,21,0.475,87.003192,7,0.562
2011,"Milwaukee Brewers",6295,"2011-05-02","19:10:00",1,10128,14958,746,85.497333,21,0.475,87.003192,7,0.562
2011,"Milwaukee Brewers",6297,"2011-05-04","16:00:00",1,12276,16653,883,85.497333,21,0.475,87.003192,7,0.562
2011,"Milwaukee Brewers",6296,"2011-05-03","19:10:00",1,3625,8693,87,85.497333,21,0.475,87.003192,7,0.562
2011,"New York Mets",6358,"2011-09-16","19:35:00",0,34534,43902,4130,120.14731,20,0.488,87.003192,7,0.562
2011,"New York Mets",6359,"2011-09-17","16:00:00",1,34415,46888,6147,120.14731,20,0.488,87.003192,7,0.562
2011,"New York Mets",6289,"2011-04-15","19:35:00",1,8793,13789,876,120.14731,20,0.488,87.003192,7,0.562
2011,"New York Mets",6313,"2011-06-14","19:10:00",0,24911,33203,1725,120.14731,20,0.488,87.003192,7,0.562
2011,"New York Mets",6314,"2011-06-15","19:10:00",0,25589,32001,2282,120.14731,20,0.488,87.003192,7,0.562
2011,"New York Mets",6360,"2011-09-18","13:35:00",0,29700,39645,3077,120.14731,20,0.488,87.003192,7,0.562
2011,"New York Mets",6290,"2011-04-16","16:10:00",1,28141,32641,3481,120.14731,20,0.488,87.003192,7,0.562
2011,"New York Mets",6291,"2011-04-17","13:35:00",0,24910,30625,2187,120.14731,20,0.488,87.003192,7,0.562
2011,"New York Mets",6315,"2011-06-16","19:10:00",1,20453,27354,1746,120.14731,20,0.488,87.003192,7,0.562
2011,"Philadelphia Phillies",6283,"2011-04-08","19:35:00",1,46411,52531,14240,172.976381,1,0.599,87.003192,7,0.562
2011,"Philadelphia Phillies",6284,"2011-04-09","13:10:00",0,31867,37058,7347,172.976381,1,0.599,87.003192,7,0.562
2011,"Philadelphia Phillies",6285,"2011-04-10","13:35:00",0,39498,44134,4599,172.976381,1,0.599,87.003192,7,0.562
2011,"Philadelphia Phillies",6303,"2011-05-14","13:00:00",1,27182,36559,5360,172.976381,1,0.599,87.003192,7,0.562
2011,"Philadelphia Phillies",6304,"2011-05-15","13:35:00",1,33228,44545,3484,172.976381,1,0.599,87.003192,7,0.562
2011,"Philadelphia Phillies",6362,"2011-09-27","19:10:00",0,26325,38848,2994,172.976381,1,0.599,87.003192,7,0.562
2011,"Philadelphia Phillies",6302,"2011-05-13","19:35:00",0,30492,37227,3824,172.976381,1,0.599,87.003192,7,0.562
2011,"Philadelphia Phillies",6361,"2011-09-26","19:10:00",0,25410,42534,2737,172.976381,1,0.599,87.003192,7,0.562
2011,"Philadelphia Phillies",6363,"2011-09-28","19:10:00",0,34118,44899,4345,172.976381,1,0.599,87.003192,7,0.562
2011,"Pittsburgh Pirates",6335,"2011-07-28","19:10:00",0,32285,39571,2912,46.047,30,0.352,87.003192,7,0.562
2011,"Pittsburgh Pirates",6332,"2011-07-25","19:10:00",0,20550,30575,1558,46.047,30,0.352,87.003192,7,0.562
2011,"Pittsburgh Pirates",6334,"2011-07-27","19:10:00",1,20414,25403,1586,46.047,30,0.352,87.003192,7,0.562
2011,"Pittsburgh Pirates",6333,"2011-07-26","19:10:00",1,18463,23194,1526,46.047,30,0.352,87.003192,7,0.562
2011,"San Diego Padres",6312,"2011-06-01","19:10:00",1,15535,22629,1174,45.86914,9,0.556,87.003192,7,0.562
2011,"San Diego Padres",6311,"2011-05-31","19:10:00",0,14912,20031,1071,45.86914,9,0.556,87.003192,7,0.562
2011,"San Diego Padres",6310,"2011-05-30","13:05:00",0,20901,26965,2004,45.86914,9,0.556,87.003192,7,0.562
2011,"San Francisco Giants",6343,"2011-08-16","19:10:00",1,15385,22835,1433,118.216333,5,0.568,87.003192,7,0.562
2011,"San Francisco Giants",6344,"2011-08-17","19:10:00",0,15576,22867,1472,118.216333,5,0.568,87.003192,7,0.562
2011,"San Francisco Giants",6345,"2011-08-18","19:10:00",1,23176,31346,3219,118.216333,5,0.568,87.003192,7,0.562
2011,"San Francisco Giants",6342,"2011-08-15","19:10:00",1,17233,24031,1773,118.216333,5,0.568,87.003192,7,0.562
2011,"St. Louis Cardinals",6294,"2011-05-01","13:35:00",1,27995,35475,2480,105.433572,12,0.531,87.003192,7,0.562
2011,"St. Louis Cardinals",6293,"2011-04-30","13:10:00",0,23935,31551,4049,105.433572,12,0.531,87.003192,7,0.562
2011,"St. Louis Cardinals",6292,"2011-04-29","19:35:00",0,34606,41305,3758,105.433572,12,0.531,87.003192,7,0.562
2011,"Texas Rangers",6316,"2011-06-17","19:35:00",0,33004,39606,5341,92.299265,8,0.556,87.003192,7,0.562
2011,"Texas Rangers",6318,"2011-06-19","13:35:00",1,28783,35747,3673,92.299265,8,0.556,87.003192,7,0.562
2011,"Texas Rangers",6317,"2011-06-18","16:10:00",0,36297,46083,7460,92.299265,8,0.556,87.003192,7,0.562
2011,"Toronto Blue Jays",6321,"2011-06-22","13:05:00",1,16941,24215,1089,62.5178,13,0.525,87.003192,7,0.562
2011,"Toronto Blue Jays",6320,"2011-06-21","19:10:00",1,20722,28189,1539,62.5178,13,0.525,87.003192,7,0.562
2011,"Toronto Blue Jays",6319,"2011-06-20","19:10:00",1,17633,24097,1536,62.5178,13,0.525,87.003192,7,0.562
2011,"Washington Nationals",6301,"2011-05-12","19:10:00",1,12987,20844,795,63.681929,25,0.426,87.003192,7,0.562
2011,"Washington Nationals",6299,"2011-05-10","19:10:00",0,11717,17199,855,63.681929,25,0.426,87.003192,7,0.562
2011,"Washington Nationals",6331,"2011-07-17","13:35:00",1,23292,31542,2077,63.681929,25,0.426,87.003192,7,0.562
2011,"Washington Nationals",6351,"2011-09-01","19:10:00",1,10953,19537,913,63.681929,25,0.426,87.003192,7,0.562
2011,"Washington Nationals",6300,"2011-05-11","19:10:00",0,12141,17780,813,63.681929,25,0.426,87.003192,7,0.562
2011,"Washington Nationals",6349,"2011-08-30","19:10:00",0,10480,17472,816,63.681929,25,0.426,87.003192,7,0.562
2011,"Washington Nationals",6350,"2011-08-31","19:10:00",1,12002,21421,674,63.681929,25,0.426,87.003192,7,0.562
2011,"Washington Nationals",6330,"2011-07-16","19:10:00",0,38437,43870,6434,63.681929,25,0.426,87.003192,7,0.562
2011,"Washington Nationals",6329,"2011-07-15","19:35:00",1,28568,35202,3454,63.681929,25,0.426,87.003192,7,0.562
2012,"Arizona Diamondbacks",7516,"2012-06-27","19:10:00",1,17350,21516,1774,74.284833,6,0.58,83.309942,10,0.549
2012,"Arizona Diamondbacks",7517,"2012-06-28","19:10:00",0,17005,23493,1729,74.284833,6,0.58,83.309942,10,0.549
2012,"Arizona Diamondbacks",7515,"2012-06-26","19:10:00",1,19871,25440,1892,74.284833,6,0.58,83.309942,10,0.549
2012,"Baltimore Orioles",7513,"2012-06-16","19:15:00",0,38152,43448,4207,81.428999,27,0.426,83.309942,10,0.549
2012,"Baltimore Orioles",7514,"2012-06-17","13:35:00",0,26448,31521,2399,81.428999,27,0.426,83.309942,10,0.549
2012,"Baltimore Orioles",7512,"2012-06-15","19:35:00",1,27217,32220,2611,81.428999,27,0.426,83.309942,10,0.549
2012,"Chicago Cubs",7524,"2012-07-05","19:10:00",1,21512,26188,2674,88.197033,26,0.438,83.309942,10,0.549
2012,"Chicago Cubs",7523,"2012-07-04","19:10:00",0,36150,42645,6520,88.197033,26,0.438,83.309942,10,0.549
2012,"Chicago Cubs",7522,"2012-07-03","19:10:00",1,23820,29616,3131,88.197033,26,0.438,83.309942,10,0.549
2012,"Chicago Cubs",7521,"2012-07-02","19:10:00",0,18879,23980,2284,88.197033,26,0.438,83.309942,10,0.549
2012,"Cincinnati Reds",7496,"2012-05-14","19:10:00",0,16207,21032,1588,82.203616,18,0.488,83.309942,10,0.549
2012,"Cincinnati Reds",7497,"2012-05-15","19:10:00",1,18067,22941,1702,82.203616,18,0.488,83.309942,10,0.549
2012,"Colorado Rockies",7552,"2012-09-04","19:10:00",0,7876,18415,730,78.069571,21,0.451,83.309942,10,0.549
2012,"Colorado Rockies",7553,"2012-09-05","19:10:00",1,10135,18248,1015,78.069571,21,0.451,83.309942,10,0.549
2012,"Colorado Rockies",7554,"2012-09-06","12:10:00",1,10833,20630,752,78.069571,21,0.451,83.309942,10,0.549
2012,"Colorado Rockies",7551,"2012-09-03","13:10:00",1,16712,26374,2188,78.069571,21,0.451,83.309942,10,0.549
2012,"Houston Astros",7540,"2012-08-05","13:35:00",1,17316,26177,2250,60.651,30,0.346,83.309942,10,0.549
2012,"Houston Astros",7539,"2012-08-04","19:10:00",0,26473,32193,3738,60.651,30,0.346,83.309942,10,0.549
2012,"Houston Astros",7538,"2012-08-03","19:35:00",1,24761,30195,3461,60.651,30,0.346,83.309942,10,0.549
2012,"Los Angeles Dodgers",7547,"2012-08-19","13:35:00",0,21989,28888,3084,95.143575,13,0.509,83.309942,10,0.549
2012,"Los Angeles Dodgers",7545,"2012-08-17","19:35:00",1,29206,35203,4112,95.143575,13,0.509,83.309942,10,0.549
2012,"Los Angeles Dodgers",7546,"2012-08-18","19:10:00",0,37284,44688,5603,95.143575,13,0.509,83.309942,10,0.549
2012,"Miami Marlins",7499,"2012-05-17","19:10:00",1,22278,29170,1814,118.078,23,0.444,83.309942,10,0.549
2012,"Miami Marlins",7498,"2012-05-16","19:10:00",0,17373,22435,1783,118.078,23,0.444,83.309942,10,0.549
2012,"Miami Marlins",7537,"2012-08-02","19:10:00",1,15109,21701,2104,118.078,23,0.444,83.309942,10,0.549
2012,"Miami Marlins",7560,"2012-09-27","19:10:00",1,20757,28930,2666,118.078,23,0.444,83.309942,10,0.549
2012,"Miami Marlins",7558,"2012-09-25","19:10:00",1,18338,27302,2148,118.078,23,0.444,83.309942,10,0.549
2012,"Miami Marlins",7559,"2012-09-26","19:10:00",1,17436,25070,2103,118.078,23,0.444,83.309942,10,0.549
2012,"Miami Marlins",7536,"2012-08-01","19:10:00",0,14039,19625,2071,118.078,23,0.444,83.309942,10,0.549
2012,"Miami Marlins",7534,"2012-07-30","19:10:00",1,17672,24937,2168,118.078,23,0.444,83.309942,10,0.549
2012,"Miami Marlins",7535,"2012-07-31","19:10:00",1,15937,23175,1861,118.078,23,0.444,83.309942,10,0.549
2012,"Milwaukee Brewers",7483,"2012-04-13","19:35:00",1,47316,52587,11890,97.653944,4,0.593,83.309942,10,0.549
2012,"Milwaukee Brewers",7484,"2012-04-14","19:10:00",1,33672,39016,5200,97.653944,4,0.593,83.309942,10,0.549
2012,"Milwaukee Brewers",7485,"2012-04-15","13:35:00",1,26918,32558,2654,97.653944,4,0.593,83.309942,10,0.549
2012,"New York Mets",7486,"2012-04-16","19:10:00",0,12068,17499,1386,93.353983,19,0.475,83.309942,10,0.549
2012,"New York Mets",7487,"2012-04-17","19:10:00",1,13490,19920,1424,93.353983,19,0.475,83.309942,10,0.549
2012,"New York Mets",7488,"2012-04-18","12:10:00",1,11152,19175,1117,93.353983,19,0.475,83.309942,10,0.549
2012,"New York Mets",7563,"2012-09-30","13:35:00",1,42465,52667,9035,93.353983,19,0.475,83.309942,10,0.549
2012,"New York Mets",7561,"2012-09-28","19:35:00",0,47922,54023,10984,93.353983,19,0.475,83.309942,10,0.549
2012,"New York Mets",7562,"2012-09-29","19:10:00",1,41386,50238,7347,93.353983,19,0.475,83.309942,10,0.549
2012,"New York Mets",7527,"2012-07-15","13:35:00",1,20085,25156,2236,93.353983,19,0.475,83.309942,10,0.549
2012,"New York Mets",7525,"2012-07-13","19:35:00",1,30442,38865,3852,93.353983,19,0.475,83.309942,10,0.549
2012,"New York Mets",7526,"2012-07-14","16:05:00",1,28802,34669,3668,93.353983,19,0.475,83.309942,10,0.549
2012,"New York Yankees",7510,"2012-06-12","19:10:00",0,38081,43429,7390,197.962289,2,0.599,83.309942,10,0.549
2012,"New York Yankees",7511,"2012-06-13","19:10:00",0,45293,50931,9308,197.962289,2,0.599,83.309942,10,0.549
2012,"New York Yankees",7509,"2012-06-11","19:10:00",0,37511,44456,7955,197.962289,2,0.599,83.309942,10,0.549
2012,"Philadelphia Phillies",7494,"2012-05-02","19:10:00",1,20399,28018,2522,174.538938,1,0.63,83.309942,10,0.549
2012,"Philadelphia Phillies",7532,"2012-07-28","19:10:00",1,35925,41931,6077,174.538938,1,0.63,83.309942,10,0.549
2012,"Philadelphia Phillies",7493,"2012-05-01","19:10:00",0,16889,22978,1715,174.538938,1,0.63,83.309942,10,0.549
2012,"Philadelphia Phillies",7550,"2012-09-02","17:05:00",1,32004,38646,4551,174.538938,1,0.63,83.309942,10,0.549
2012,"Philadelphia Phillies",7533,"2012-07-29","13:35:00",1,18628,25489,2644,174.538938,1,0.63,83.309942,10,0.549
2012,"Philadelphia Phillies",7495,"2012-05-03","12:10:00",0,18031,25341,1843,174.538938,1,0.63,83.309942,10,0.549
2012,"Philadelphia Phillies",7531,"2012-07-27","19:35:00",1,37342,44519,5863,174.538938,1,0.63,83.309942,10,0.549
2012,"Philadelphia Phillies",7549,"2012-09-01","16:05:00",0,39744,46984,6939,174.538938,1,0.63,83.309942,10,0.549
2012,"Philadelphia Phillies",7548,"2012-08-31","19:35:00",0,24970,33032,3705,174.538938,1,0.63,83.309942,10,0.549
2012,"Pittsburgh Pirates",7490,"2012-04-28","19:10:00",0,30916,35998,3094,63.431999,22,0.444,83.309942,10,0.549
2012,"Pittsburgh Pirates",7489,"2012-04-27","19:35:00",1,30575,37901,2357,63.431999,22,0.444,83.309942,10,0.549
2012,"Pittsburgh Pirates",7491,"2012-04-29","13:35:00",1,26470,32958,1964,63.431999,22,0.444,83.309942,10,0.549
2012,"Pittsburgh Pirates",7492,"2012-04-30","19:10:00",0,12050,18447,1429,63.431999,22,0.444,83.309942,10,0.549
2012,"San Diego Padres",7543,"2012-08-15","19:10:00",1,11178,17582,1403,55.2447,25,0.438,83.309942,10,0.549
2012,"San Diego Padres",7541,"2012-08-13","19:10:00",0,11252,19479,1660,55.2447,25,0.438,83.309942,10,0.549
2012,"San Diego Padres",7542,"2012-08-14","19:10:00",1,10688,17670,1307,55.2447,25,0.438,83.309942,10,0.549
2012,"San Diego Padres",7544,"2012-08-16","19:10:00",1,29958,35155,4262,55.2447,25,0.438,83.309942,10,0.549
2012,"San Francisco Giants",7528,"2012-07-17","19:10:00",0,23286,32332,2315,117.620683,12,0.531,83.309942,10,0.549
2012,"San Francisco Giants",7530,"2012-07-19","12:10:00",1,22197,31282,1653,117.620683,12,0.531,83.309942,10,0.549
2012,"San Francisco Giants",7529,"2012-07-18","19:10:00",0,22105,31162,2318,117.620683,12,0.531,83.309942,10,0.549
2012,"St. Louis Cardinals",7504,"2012-05-29","19:10:00",1,19559,27777,2090,110.300862,8,0.556,83.309942,10,0.549
2012,"St. Louis Cardinals",7503,"2012-05-28","13:10:00",0,33650,44896,4702,110.300862,8,0.556,83.309942,10,0.549
2012,"St. Louis Cardinals",7505,"2012-05-30","19:10:00",1,23726,30115,2453,110.300862,8,0.556,83.309942,10,0.549
2012,"Toronto Blue Jays",7506,"2012-06-08","19:35:00",1,38903,44742,4764,75.4892,14,0.5,83.309942,10,0.549
2012,"Toronto Blue Jays",7507,"2012-06-09","16:05:00",1,29995,34755,3722,75.4892,14,0.5,83.309942,10,0.549
2012,"Toronto Blue Jays",7508,"2012-06-10","13:35:00",0,12416,22660,1454,75.4892,14,0.5,83.309942,10,0.549
2012,"Washington Nationals",7500,"2012-05-25","19:35:00",0,32528,39431,2817,81.336143,15,0.497,83.309942,10,0.549
2012,"Washington Nationals",7557,"2012-09-16","20:05:00",1,19871,30905,2996,81.336143,15,0.497,83.309942,10,0.549
2012,"Washington Nationals",7519,"2012-06-30","16:05:00",1,20866,28415,2972,81.336143,15,0.497,83.309942,10,0.549
2012,"Washington Nationals",7502,"2012-05-27","20:05:00",0,35476,40431,3512,81.336143,15,0.497,83.309942,10,0.549
2012,"Washington Nationals",7556,"2012-09-15","16:05:00",1,34310,41495,5663,81.336143,15,0.497,83.309942,10,0.549
2012,"Washington Nationals",7518,"2012-06-29","19:35:00",0,28390,34158,3168,81.336143,15,0.497,83.309942,10,0.549
2012,"Washington Nationals",7501,"2012-05-26","16:05:00",0,38181,44786,6117,81.336143,15,0.497,83.309942,10,0.549
2012,"Washington Nationals",7555,"2012-09-14","19:35:00",1,35392,43800,4334,81.336143,15,0.497,83.309942,10,0.549
2012,"Washington Nationals",7520,"2012-07-01","13:35:00",0,13421,21292,1596,81.336143,15,0.497,83.309942,10,0.549
2013,"Arizona Diamondbacks",9024,"2013-06-29","16:05:00",1,33915,40964,3717,89.1005,16,0.5,89.778192,6,0.58
2013,"Arizona Diamondbacks",9023,"2013-06-28","19:30:00",1,43009,49422,11887,89.1005,16,0.5,89.778192,6,0.58
2013,"Arizona Diamondbacks",9025,"2013-06-30","13:35:00",1,27660,38254,2330,89.1005,16,0.5,89.778192,6,0.58
2013,"Chicago Cubs",8992,"2013-04-07","13:35:00",1,43578,47828,3419,104.304676,29,0.377,89.778192,6,0.58
2013,"Chicago Cubs",8990,"2013-04-05","19:30:00",1,28725,34915,2898,104.304676,29,0.377,89.778192,6,0.58
2013,"Chicago Cubs",8991,"2013-04-06","19:10:00",1,35469,40188,4196,104.304676,29,0.377,89.778192,6,0.58
2013,"Cincinnati Reds",9032,"2013-07-14","13:35:00",0,26261,31608,2501,107.491305,2,0.599,89.778192,6,0.58
2013,"Cincinnati Reds",9030,"2013-07-12","19:30:00",0,39830,45148,3791,107.491305,2,0.599,89.778192,6,0.58
2013,"Cincinnati Reds",9031,"2013-07-13","16:05:00",1,43477,49365,5383,107.491305,2,0.599,89.778192,6,0.58
2013,"Cincinnati Reds",9029,"2013-07-11","19:10:00",1,34699,42005,3079,107.491305,2,0.599,89.778192,6,0.58
2013,"Cleveland Indians",9062,"2013-08-28","19:10:00",1,15254,22235,1521,77.7728,26,0.42,89.778192,6,0.58
2013,"Cleveland Indians",9063,"2013-08-29","19:10:00",1,17049,24163,1835,77.7728,26,0.42,89.778192,6,0.58
2013,"Cleveland Indians",9061,"2013-08-27","19:10:00",1,15993,22748,1479,77.7728,26,0.42,89.778192,6,0.58
2013,"Colorado Rockies",9037,"2013-07-30","19:10:00",1,22837,29617,2086,71.924071,28,0.395,89.778192,6,0.58
2013,"Colorado Rockies",9036,"2013-07-29","19:10:00",1,25006,33873,2102,71.924071,28,0.395,89.778192,6,0.58
2013,"Colorado Rockies",9039,"2013-08-01","19:10:00",1,26104,32569,2522,71.924071,28,0.395,89.778192,6,0.58
2013,"Colorado Rockies",9038,"2013-07-31","19:10:00",1,16413,23647,1834,71.924071,28,0.395,89.778192,6,0.58
2013,"Kansas City Royals",8994,"2013-04-17","12:10:00",0,19803,24517,1731,81.491725,23,0.444,89.778192,6,0.58
2013,"Kansas City Royals",8993,"2013-04-16","19:10:00",1,23551,28130,1998,81.491725,23,0.444,89.778192,6,0.58
2013,"Los Angeles Dodgers",9004,"2013-05-19","13:35:00",1,29846,46492,2584,216.597577,13,0.531,89.778192,6,0.58
2013,"Los Angeles Dodgers",9002,"2013-05-17","19:30:00",1,37451,45089,3518,216.597577,13,0.531,89.778192,6,0.58
2013,"Los Angeles Dodgers",9003,"2013-05-18","19:10:00",1,33381,40540,4104,216.597577,13,0.531,89.778192,6,0.58
2013,"Miami Marlins",9028,"2013-07-04","19:10:00",0,27269,37117,4067,36.3419,25,0.426,89.778192,6,0.58
2013,"Miami Marlins",9053,"2013-08-10","19:10:00",0,36385,44192,4309,36.3419,25,0.426,89.778192,6,0.58
2013,"Miami Marlins",9052,"2013-08-09","19:30:00",1,34522,39144,3522,36.3419,25,0.426,89.778192,6,0.58
2013,"Miami Marlins",9065,"2013-08-31","19:10:00",1,24259,34287,3096,36.3419,25,0.426,89.778192,6,0.58
2013,"Miami Marlins",9054,"2013-08-11","13:35:00",1,26065,36472,2607,36.3419,25,0.426,89.778192,6,0.58
2013,"Miami Marlins",9064,"2013-08-30","19:30:00",1,24279,30010,2815,36.3419,25,0.426,89.778192,6,0.58
2013,"Miami Marlins",9066,"2013-09-01","17:05:00",0,34538,40764,3710,36.3419,25,0.426,89.778192,6,0.58
2013,"Miami Marlins",9027,"2013-07-03","19:10:00",0,18305,27570,2365,36.3419,25,0.426,89.778192,6,0.58
2013,"Miami Marlins",9026,"2013-07-02","19:10:00",1,22883,30440,2110,36.3419,25,0.426,89.778192,6,0.58
2013,"Milwaukee Brewers",9073,"2013-09-23","19:10:00",0,14026,21574,1414,82.976944,15,0.512,89.778192,6,0.58
2013,"Milwaukee Brewers",9074,"2013-09-24","19:10:00",1,15260,24172,1008,82.976944,15,0.512,89.778192,6,0.58
2013,"Milwaukee Brewers",9075,"2013-09-25","19:10:00",0,10739,20982,918,82.976944,15,0.512,89.778192,6,0.58
2013,"Minnesota Twins",9007,"2013-05-22","12:10:00",1,21417,29396,1635,75.8025,27,0.407,89.778192,6,0.58
2013,"Minnesota Twins",9005,"2013-05-20","19:10:00",1,16700,21427,1408,75.8025,27,0.407,89.778192,6,0.58
2013,"Minnesota Twins",9006,"2013-05-21","19:10:00",1,22521,30034,1833,75.8025,27,0.407,89.778192,6,0.58
2013,"New York Mets",9022,"2013-06-20","19:10:00",0,30000,35621,2666,73.396649,21,0.457,89.778192,6,0.58
2013,"New York Mets",9067,"2013-09-02","13:10:00",1,19970,28057,2458,73.396649,21,0.457,89.778192,6,0.58
2013,"New York Mets",9000,"2013-06-18","13:10:00",0,8722,23221,3094,73.396649,21,0.457,89.778192,6,0.58
2013,"New York Mets",9001,"2013-05-05","13:35:00",1,25875,34520,1884,73.396649,21,0.457,89.778192,6,0.58
2013,"New York Mets",9019,"2013-06-17","19:10:00",1,15087,24849,1722,73.396649,21,0.457,89.778192,6,0.58
2013,"New York Mets",9069,"2013-09-04","12:10:00",0,14572,24192,939,73.396649,21,0.457,89.778192,6,0.58
2013,"New York Mets",9068,"2013-09-03","19:10:00",1,12442,22515,1136,73.396649,21,0.457,89.778192,6,0.58
2013,"New York Mets",9021,"2013-06-19","19:10:00",1,18731,23292,1984,73.396649,21,0.457,89.778192,6,0.58
2013,"New York Mets",9020,"2013-06-18","19:10:00",0,15221,22317,1660,73.396649,21,0.457,89.778192,6,0.58
2013,"New York Mets",8999,"2013-05-03","19:30:00",0,25569,32445,2403,73.396649,21,0.457,89.778192,6,0.58
2013,"Philadelphia Phillies",8987,"2013-04-01","19:10:00",1,47608,53341,12169,165.385714,17,0.5,89.778192,6,0.58
2013,"Philadelphia Phillies",8988,"2013-04-04","19:10:00",1,10548,19255,1707,165.385714,17,0.5,89.778192,6,0.58
2013,"Philadelphia Phillies",8989,"2013-04-03","19:10:00",0,20324,25642,2461,165.385714,17,0.5,89.778192,6,0.58
2013,"Philadelphia Phillies",9055,"2013-08-12","19:10:00",0,15870,21981,2139,165.385714,17,0.5,89.778192,6,0.58
2013,"Philadelphia Phillies",9056,"2013-08-13","19:10:00",1,17295,23061,1730,165.385714,17,0.5,89.778192,6,0.58
2013,"Philadelphia Phillies",9057,"2013-08-14","19:10:00",1,13711,19961,1815,165.385714,17,0.5,89.778192,6,0.58
2013,"Philadelphia Phillies",9079,"2013-09-29","13:35:00",1,35433,44162,2866,165.385714,17,0.5,89.778192,6,0.58
2013,"Philadelphia Phillies",9076,"2013-09-26","19:10:00",1,17069,29257,1530,165.385714,17,0.5,89.778192,6,0.58
2013,"Philadelphia Phillies",9077,"2013-09-27","19:30:00",1,33491,40714,3107,165.385714,17,0.5,89.778192,6,0.58
2013,"Philadelphia Phillies",9078,"2013-09-28","19:10:00",0,32312,40318,3864,165.385714,17,0.5,89.778192,6,0.58
2013,"Pittsburgh Pirates",9014,"2013-06-04","19:10:00",1,23022,30832,1889,79.555,18,0.488,89.778192,6,0.58
2013,"Pittsburgh Pirates",9015,"2013-06-05","12:10:00",1,22827,30318,1603,79.555,18,0.488,89.778192,6,0.58
2013,"Pittsburgh Pirates",9013,"2013-06-03","19:10:00",1,16832,20936,1541,79.555,18,0.488,89.778192,6,0.58
2013,"San Diego Padres",9070,"2013-09-13","19:30:00",0,28332,35935,2848,67.1436,19,0.469,89.778192,6,0.58
2013,"San Diego Padres",9071,"2013-09-14","19:10:00",1,33998,42233,3390,67.1436,19,0.469,89.778192,6,0.58
2013,"San Diego Padres",9072,"2013-09-15","13:35:00",0,29095,38210,2026,67.1436,19,0.469,89.778192,6,0.58
2013,"San Francisco Giants",9018,"2013-06-16","20:05:00",1,27987,35367,3645,140.264334,4,0.58,89.778192,6,0.58
2013,"San Francisco Giants",9017,"2013-06-15","16:05:00",1,42316,49073,5243,140.264334,4,0.58,89.778192,6,0.58
2013,"San Francisco Giants",9016,"2013-06-14","19:30:00",0,41179,47645,3829,140.264334,4,0.58,89.778192,6,0.58
2013,"St. Louis Cardinals",9035,"2013-07-28","20:05:00",1,30119,36105,3460,115.222086,12,0.543,89.778192,6,0.58
2013,"St. Louis Cardinals",9033,"2013-07-26","19:30:00",1,31893,51719,5716,115.222086,12,0.543,89.778192,6,0.58
2013,"St. Louis Cardinals",9034,"2013-07-27","15:05:00",1,44420,50364,6364,115.222086,12,0.543,89.778192,6,0.58
2013,"Toronto Blue Jays",9008,"2013-05-29","19:10:00",0,18536,23843,1707,117.5278,22,0.451,89.778192,6,0.58
2013,"Toronto Blue Jays",9009,"2013-05-30","19:10:00",1,26790,31606,2377,117.5278,22,0.451,89.778192,6,0.58
2013,"Washington Nationals",9058,"2013-08-16","19:30:00",1,30732,37365,3319,114.056769,1,0.605,89.778192,6,0.58
2013,"Washington Nationals",8995,"2013-04-29","19:10:00",1,19499,24233,1727,114.056769,1,0.605,89.778192,6,0.58
2013,"Washington Nationals",8996,"2013-04-30","19:10:00",1,16681,20656,1839,114.056769,1,0.605,89.778192,6,0.58
2013,"Washington Nationals",8997,"2013-05-01","19:10:00",0,17491,23690,1514,114.056769,1,0.605,89.778192,6,0.58
2013,"Washington Nationals",9010,"2013-05-31","19:30:00",0,33956,38388,3214,114.056769,1,0.605,89.778192,6,0.58
2013,"Washington Nationals",9059,"2013-08-17","19:10:00",0,32870,42944,4958,114.056769,1,0.605,89.778192,6,0.58
2013,"Washington Nationals",9060,"2013-08-18","13:35:00",1,20951,28965,2111,114.056769,1,0.605,89.778192,6,0.58
2013,"Washington Nationals",8998,"2013-05-02","19:10:00",0,15964,20930,1593,114.056769,1,0.605,89.778192,6,0.58
2013,"Washington Nationals",9012,"2013-06-02","13:35:00",1,24130,31828,1892,114.056769,1,0.605,89.778192,6,0.58
2013,"Washington Nationals",9011,"2013-06-01","19:15:00",1,40742,49180,5719,114.056769,1,0.605,89.778192,6,0.58
2014,"Arizona Diamondbacks",10524,"2014-07-05","16:10:00",1,25367,31891,3218,112.688666,16,0.5,110.897341,3,0.593
2014,"Arizona Diamondbacks",10525,"2014-07-06","13:35:00",0,19050,25390,2083,112.688666,16,0.5,110.897341,3,0.593
2014,"Arizona Diamondbacks",10523,"2014-07-04","19:35:00",1,44899,50674,6421,112.688666,16,0.5,110.897341,3,0.593
2014,"Boston Red Sox",10511,"2014-05-27","19:10:00",0,33483,38841,4385,162.817411,1,0.599,110.897341,3,0.593
2014,"Boston Red Sox",10510,"2014-05-26","13:10:00",0,44007,50449,7010,162.817411,1,0.599,110.897341,3,0.593
2014,"Chicago Cubs",10502,"2014-05-11","13:35:00",1,22564,27720,2592,89.007857,27,0.407,110.897341,3,0.593
2014,"Chicago Cubs",10501,"2014-05-10","19:10:00",1,25568,32371,3045,89.007857,27,0.407,110.897341,3,0.593
2014,"Chicago Cubs",10500,"2014-05-09","19:35:00",1,20021,28690,2395,89.007857,27,0.407,110.897341,3,0.593
2014,"Cincinnati Reds",10490,"2014-04-26","19:10:00",1,31349,35483,3761,112.390772,11,0.556,110.897341,3,0.593
2014,"Cincinnati Reds",10489,"2014-04-25","19:35:00",1,27615,32595,2758,112.390772,11,0.556,110.897341,3,0.593
2014,"Cincinnati Reds",10491,"2014-04-27","13:35:00",1,27689,33274,2673,112.390772,11,0.556,110.897341,3,0.593
2014,"Colorado Rockies",10508,"2014-05-24","16:10:00",0,23801,28481,3075,95.832071,23,0.457,110.897341,3,0.593
2014,"Colorado Rockies",10509,"2014-05-25","17:05:00",1,32460,38187,2960,95.832071,23,0.457,110.897341,3,0.593
2014,"Colorado Rockies",10507,"2014-05-23","19:35:00",1,22052,27216,2416,95.832071,23,0.457,110.897341,3,0.593
2014,"Los Angeles Angels",10514,"2014-06-13","19:35:00",1,34599,41527,3441,155.692,17,0.481,110.897341,3,0.593
2014,"Los Angeles Angels",10515,"2014-06-14","19:15:00",0,42669,50776,5619,155.692,17,0.481,110.897341,3,0.593
2014,"Los Angeles Angels",10516,"2014-06-15","20:05:00",1,24628,31317,2899,155.692,17,0.481,110.897341,3,0.593
2014,"Los Angeles Dodgers",10544,"2014-08-12","19:10:00",0,28191,33991,2976,235.295219,7,0.568,110.897341,3,0.593
2014,"Los Angeles Dodgers",10543,"2014-08-11","19:10:00",0,14566,21477,1670,235.295219,7,0.568,110.897341,3,0.593
2014,"Los Angeles Dodgers",10545,"2014-08-13","19:10:00",1,30136,35102,3303,235.295219,7,0.568,110.897341,3,0.593
2014,"Los Angeles Dodgers",10546,"2014-08-14","12:10:00",0,13105,20653,1410,235.295219,7,0.568,110.897341,3,0.593
2014,"Miami Marlins",10486,"2014-04-21","19:10:00",1,12876,17186,1663,47.5654,29,0.383,110.897341,3,0.593
2014,"Miami Marlins",10535,"2014-07-24","19:10:00",0,18439,27800,1595,47.5654,29,0.383,110.897341,3,0.593
2014,"Miami Marlins",10487,"2014-04-22","19:10:00",0,13013,19412,1353,47.5654,29,0.383,110.897341,3,0.593
2014,"Miami Marlins",10488,"2014-04-23","12:10:00",1,17358,22947,1554,47.5654,29,0.383,110.897341,3,0.593
2014,"Miami Marlins",10534,"2014-07-23","19:10:00",1,16378,21499,1345,47.5654,29,0.383,110.897341,3,0.593
2014,"Miami Marlins",10552,"2014-08-31","17:05:00",1,40775,48019,3662,47.5654,29,0.383,110.897341,3,0.593
2014,"Miami Marlins",10550,"2014-08-29","19:35:00",1,21596,27761,2455,47.5654,29,0.383,110.897341,3,0.593
2014,"Miami Marlins",10551,"2014-08-30","19:10:00",0,18726,27033,2556,47.5654,29,0.383,110.897341,3,0.593
2014,"Miami Marlins",10533,"2014-07-22","19:10:00",0,17342,25267,1316,47.5654,29,0.383,110.897341,3,0.593
2014,"Miami Marlins",10532,"2014-07-21","19:10:00",0,18207,28024,1402,47.5654,29,0.383,110.897341,3,0.593
2014,"Milwaukee Brewers",10506,"2014-05-22","19:10:00",1,24474,31884,2382,103.844806,21,0.457,110.897341,3,0.593
2014,"Milwaukee Brewers",10505,"2014-05-21","19:10:00",0,14852,19422,1350,103.844806,21,0.457,110.897341,3,0.593
2014,"Milwaukee Brewers",10503,"2014-05-19","19:10:00",1,15541,21800,1245,103.844806,21,0.457,110.897341,3,0.593
2014,"Milwaukee Brewers",10504,"2014-05-20","19:10:00",1,15035,21316,1302,103.844806,21,0.457,110.897341,3,0.593
2014,"New York Mets",10477,"2014-04-08","19:10:00",0,42351,48955,6588,89.051758,20,0.457,110.897341,3,0.593
2014,"New York Mets",10481,"2014-04-09","19:10:00",1,16017,20843,2338,89.051758,20,0.457,110.897341,3,0.593
2014,"New York Mets",10482,"2014-04-10","19:10:00",0,25244,30945,2928,89.051758,20,0.457,110.897341,3,0.593
2014,"New York Mets",10559,"2014-09-19","19:35:00",0,27889,37563,2574,89.051758,20,0.457,110.897341,3,0.593
2014,"New York Mets",10560,"2014-09-20","19:10:00",0,25065,35903,3166,89.051758,20,0.457,110.897341,3,0.593
2014,"New York Mets",10561,"2014-09-21","13:35:00",0,26202,37273,2205,89.051758,20,0.457,110.897341,3,0.593
2014,"New York Mets",10520,"2014-06-30","19:10:00",1,23173,29573,2408,89.051758,20,0.457,110.897341,3,0.593
2014,"New York Mets",10521,"2014-07-01","19:10:00",1,17932,22676,2025,89.051758,20,0.457,110.897341,3,0.593
2014,"New York Mets",10522,"2014-07-02","19:10:00",1,20318,25066,2304,89.051758,20,0.457,110.897341,3,0.593
2014,"Oakland Athletics",10549,"2014-08-17","20:00:00",1,16092,28266,1758,83.4014,4,0.593,110.897341,3,0.593
2014,"Oakland Athletics",10547,"2014-08-15","19:35:00",1,26561,32324,2633,83.4014,4,0.593,110.897341,3,0.593
2014,"Oakland Athletics",10548,"2014-08-16","19:10:00",1,36549,42938,4829,83.4014,4,0.593,110.897341,3,0.593
2014,"Philadelphia Phillies",10519,"2014-06-18","12:10:00",0,21657,29856,1563,180.052723,24,0.451,110.897341,3,0.593
2014,"Philadelphia Phillies",10553,"2014-09-01","13:10:00",0,28532,36675,2805,180.052723,24,0.451,110.897341,3,0.593
2014,"Philadelphia Phillies",10530,"2014-07-19","19:10:00",0,31591,40418,3866,180.052723,24,0.451,110.897341,3,0.593
2014,"Philadelphia Phillies",10531,"2014-07-20","13:35:00",1,19603,26350,2064,180.052723,24,0.451,110.897341,3,0.593
2014,"Philadelphia Phillies",10517,"2014-06-16","19:10:00",0,18661,25984,1818,180.052723,24,0.451,110.897341,3,0.593
2014,"Philadelphia Phillies",10518,"2014-06-17","19:10:00",0,35015,43359,2972,180.052723,24,0.451,110.897341,3,0.593
2014,"Philadelphia Phillies",10554,"2014-09-02","19:10:00",0,9331,20945,738,180.052723,24,0.451,110.897341,3,0.593
2014,"Philadelphia Phillies",10529,"2014-07-18","19:35:00",1,33776,41388,3196,180.052723,24,0.451,110.897341,3,0.593
2014,"Philadelphia Phillies",10555,"2014-09-03","12:10:00",1,9350,20819,495,180.052723,24,0.451,110.897341,3,0.593
2014,"Pittsburgh Pirates",10562,"2014-09-22","19:10:00",0,10407,21473,817,78.111667,5,0.58,110.897341,3,0.593
2014,"Pittsburgh Pirates",10563,"2014-09-23","19:10:00",0,12694,24508,844,78.111667,5,0.58,110.897341,3,0.593
2014,"Pittsburgh Pirates",10564,"2014-09-24","19:10:00",1,12303,26815,980,78.111667,5,0.58,110.897341,3,0.593
2014,"Pittsburgh Pirates",10565,"2014-09-25","19:10:00",0,20170,36703,1504,78.111667,5,0.58,110.897341,3,0.593
2014,"San Diego Padres",10536,"2014-07-25","19:35:00",0,27856,33146,2597,90.094196,18,0.469,110.897341,3,0.593
2014,"San Diego Padres",10539,"2014-07-28","12:10:00",1,15618,24472,1354,90.094196,18,0.469,110.897341,3,0.593
2014,"San Diego Padres",10537,"2014-07-26","19:10:00",1,30109,35718,3529,90.094196,18,0.469,110.897341,3,0.593
2014,"San Diego Padres",10538,"2014-07-27","17:05:00",1,26735,34126,2668,90.094196,18,0.469,110.897341,3,0.593
2014,"San Francisco Giants",10496,"2014-05-04","13:35:00",0,25693,31440,2427,154.185878,19,0.469,110.897341,3,0.593
2014,"San Francisco Giants",10494,"2014-05-02","19:35:00",0,25032,30860,2597,154.185878,19,0.469,110.897341,3,0.593
2014,"San Francisco Giants",10495,"2014-05-03","19:10:00",0,30791,36328,3877,154.185878,19,0.469,110.897341,3,0.593
2014,"Seattle Mariners",10512,"2014-06-03","19:10:00",0,30813,38763,2589,92.081943,25,0.438,110.897341,3,0.593
2014,"Seattle Mariners",10513,"2014-06-04","12:10:00",0,21154,28414,1689,92.081943,25,0.438,110.897341,3,0.593
2014,"St. Louis Cardinals",10497,"2014-05-05","19:10:00",0,15663,21204,2055,111.02036,2,0.599,110.897341,3,0.593
2014,"St. Louis Cardinals",10498,"2014-05-06","19:10:00",1,14318,19695,1890,111.02036,2,0.599,110.897341,3,0.593
2014,"St. Louis Cardinals",10499,"2014-05-07","19:10:00",0,18346,23103,2386,111.02036,2,0.599,110.897341,3,0.593
2014,"Washington Nationals",10483,"2014-04-11","19:35:00",1,24686,29727,3215,134.704437,12,0.531,110.897341,3,0.593
2014,"Washington Nationals",10558,"2014-09-17","19:10:00",1,18946,28133,1965,134.704437,12,0.531,110.897341,3,0.593
2014,"Washington Nationals",10540,"2014-08-08","19:35:00",1,24315,34535,3009,134.704437,12,0.531,110.897341,3,0.593
2014,"Washington Nationals",10484,"2014-04-12","19:10:00",1,32921,38442,4396,134.704437,12,0.531,110.897341,3,0.593
2014,"Washington Nationals",10485,"2014-04-13","13:35:00",1,25035,29350,2849,134.704437,12,0.531,110.897341,3,0.593
2014,"Washington Nationals",10557,"2014-09-16","19:10:00",0,19565,29781,1615,134.704437,12,0.531,110.897341,3,0.593
2014,"Washington Nationals",10541,"2014-08-09","19:10:00",0,29767,39034,4243,134.704437,12,0.531,110.897341,3,0.593
2014,"Washington Nationals",10542,"2014-08-10","20:00:00",1,11616,19742,1534,134.704437,12,0.531,110.897341,3,0.593
2014,"Washington Nationals",10556,"2014-09-15","19:10:00",0,9312,19390,767,134.704437,12,0.531,110.897341,3,0.593
2015,"Arizona Diamondbacks",11563,"2015-08-14","19:35:00",1,25683,33689,2489,91.518833,30,0.395,97.578565,16,0.488
2015,"Arizona Diamondbacks",11565,"2015-08-16","13:35:00",1,12402,22310,998,91.518833,30,0.395,97.578565,16,0.488
2015,"Arizona Diamondbacks",11564,"2015-08-15","19:10:00",0,21991,31364,2120,91.518833,30,0.395,97.578565,16,0.488
2015,"Boston Red Sox",11540,"2015-06-18","19:10:00",0,27914,33623,2981,187.407202,25,0.438,97.578565,16,0.488
2015,"Boston Red Sox",11539,"2015-06-17","19:10:00",1,25511,30654,2744,187.407202,25,0.438,97.578565,16,0.488
2015,"Chicago Cubs",11550,"2015-07-17","19:35:00",1,36127,44562,3766,119.006885,23,0.451,97.578565,16,0.488
2015,"Chicago Cubs",11551,"2015-07-18","19:10:00",0,39368,48065,3680,119.006885,23,0.451,97.578565,16,0.488
2015,"Chicago Cubs",11552,"2015-07-19","17:05:00",0,25633,33555,2580,119.006885,23,0.451,97.578565,16,0.488
2015,"Cincinnati Reds",11517,"2015-05-03","13:35:00",1,24511,31934,2181,117.197072,21,0.469,97.578565,16,0.488
2015,"Cincinnati Reds",11515,"2015-05-01","19:35:00",1,22822,32083,2321,117.197072,21,0.469,97.578565,16,0.488
2015,"Cincinnati Reds",11516,"2015-05-02","19:10:00",0,24647,31630,2892,117.197072,21,0.469,97.578565,16,0.488
2015,"Cincinnati Reds",11514,"2015-04-30","19:10:00",0,10762,17257,954,117.197072,21,0.469,97.578565,16,0.488
2015,"Colorado Rockies",11568,"2015-08-26","19:10:00",0,10066,19613,1012,102.00613,29,0.407,97.578565,16,0.488
2015,"Colorado Rockies",11567,"2015-08-25","19:10:00",0,7358,15128,909,102.00613,29,0.407,97.578565,16,0.488
2015,"Colorado Rockies",11566,"2015-08-24","19:10:00",1,6638,15119,833,102.00613,29,0.407,97.578565,16,0.488
2015,"Los Angeles Dodgers",11554,"2015-07-21","19:10:00",1,29263,35629,2733,272.78904,4,0.58,97.578565,16,0.488
2015,"Los Angeles Dodgers",11555,"2015-07-22","12:10:00",0,17814,25595,1542,272.78904,4,0.58,97.578565,16,0.488
2015,"Los Angeles Dodgers",11553,"2015-07-20","19:10:00",1,19857,25842,2033,272.78904,4,0.58,97.578565,16,0.488
2015,"Miami Marlins",11509,"2015-04-14","19:10:00",0,9548,17403,865,68.479,19,0.475,97.578565,16,0.488
2015,"Miami Marlins",11508,"2015-04-13","19:10:00",1,7240,15011,777,68.479,19,0.475,97.578565,16,0.488
2015,"Miami Marlins",11574,"2015-09-02","12:10:00",0,8483,19316,812,68.479,19,0.475,97.578565,16,0.488
2015,"Miami Marlins",11559,"2015-08-06","19:10:00",1,12910,20219,1614,68.479,19,0.475,97.578565,16,0.488
2015,"Miami Marlins",11560,"2015-08-07","19:35:00",1,18707,24540,2000,68.479,19,0.475,97.578565,16,0.488
2015,"Miami Marlins",11561,"2015-08-08","19:10:00",1,36977,44806,3137,68.479,19,0.475,97.578565,16,0.488
2015,"Miami Marlins",11562,"2015-08-09","17:05:00",0,18950,26599,1529,68.479,19,0.475,97.578565,16,0.488
2015,"Miami Marlins",11510,"2015-04-15","12:10:00",0,10815,19957,798,68.479,19,0.475,97.578565,16,0.488
2015,"Miami Marlins",11573,"2015-09-01","19:10:00",0,7188,17601,818,68.479,19,0.475,97.578565,16,0.488
2015,"Miami Marlins",11572,"2015-08-31","19:10:00",0,5183,13895,655,68.479,19,0.475,97.578565,16,0.488
2015,"Milwaukee Brewers",11529,"2015-05-23","16:10:00",1,28171,35434,3175,105.002536,15,0.506,97.578565,16,0.488
2015,"Milwaukee Brewers",11527,"2015-05-21","19:10:00",1,13658,19898,1140,105.002536,15,0.506,97.578565,16,0.488
2015,"Milwaukee Brewers",11528,"2015-05-22","19:35:00",0,21223,27548,2167,105.002536,15,0.506,97.578565,16,0.488
2015,"Milwaukee Brewers",11530,"2015-05-24","13:35:00",1,26766,32767,2465,105.002536,15,0.506,97.578565,16,0.488
2015,"New York Mets",11492,"2015-04-10","19:35:00",1,36106,48062,5463,101.409244,17,0.488,97.578565,16,0.488
2015,"New York Mets",11506,"2015-04-11","19:10:00",1,30902,38043,3821,101.409244,17,0.488,97.578565,16,0.488
2015,"New York Mets",11507,"2015-04-12","13:35:00",0,23132,29954,2464,101.409244,17,0.488,97.578565,16,0.488
2015,"New York Mets",11543,"2015-06-21","17:05:00",1,25129,32187,2328,101.409244,17,0.488,97.578565,16,0.488
2015,"New York Mets",11575,"2015-09-10","19:10:00",0,9976,24034,1215,101.409244,17,0.488,97.578565,16,0.488
2015,"New York Mets",11541,"2015-06-19","19:35:00",1,24677,30437,2313,101.409244,17,0.488,97.578565,16,0.488
2015,"New York Mets",11542,"2015-06-20","19:10:00",1,35952,42999,3819,101.409244,17,0.488,97.578565,16,0.488
2015,"New York Mets",11578,"2015-09-13","13:35:00",0,14752,25381,1604,101.409244,17,0.488,97.578565,16,0.488
2015,"New York Mets",11576,"2015-09-11","19:35:00",0,13645,24625,1725,101.409244,17,0.488,97.578565,16,0.488
2015,"New York Mets",11577,"2015-09-12","19:10:00",0,18220,29081,2116,101.409244,17,0.488,97.578565,16,0.488
2015,"New York Yankees",11571,"2015-08-30","13:35:00",0,25142,34644,2725,219.282196,13,0.518,97.578565,16,0.488
2015,"New York Yankees",11570,"2015-08-29","19:10:00",0,42159,50836,5137,219.282196,13,0.518,97.578565,16,0.488
2015,"New York Yankees",11569,"2015-08-28","19:35:00",0,29906,37187,3459,219.282196,13,0.518,97.578565,16,0.488
2015,"Philadelphia Phillies",11520,"2015-05-06","19:10:00",1,12858,19488,1252,135.8275,24,0.451,97.578565,16,0.488
2015,"Philadelphia Phillies",11584,"2015-09-20","13:35:00",1,14904,25532,1230,135.8275,24,0.451,97.578565,16,0.488
2015,"Philadelphia Phillies",11582,"2015-09-18","19:35:00",1,14222,24139,1322,135.8275,24,0.451,97.578565,16,0.488
2015,"Philadelphia Phillies",11519,"2015-05-05","19:10:00",1,9812,15928,951,135.8275,24,0.451,97.578565,16,0.488
2015,"Philadelphia Phillies",11549,"2015-07-05","13:35:00",0,14341,20185,1316,135.8275,24,0.451,97.578565,16,0.488
2015,"Philadelphia Phillies",11518,"2015-05-04","19:10:00",0,10426,18797,850,135.8275,24,0.451,97.578565,16,0.488
2015,"Philadelphia Phillies",11547,"2015-07-03","19:35:00",1,29776,35164,2701,135.8275,24,0.451,97.578565,16,0.488
2015,"Philadelphia Phillies",11583,"2015-09-19","19:10:00",1,16430,26446,1745,135.8275,24,0.451,97.578565,16,0.488
2015,"Philadelphia Phillies",11548,"2015-07-04","19:15:00",1,31091,36347,3360,135.8275,24,0.451,97.578565,16,0.488
2015,"Pittsburgh Pirates",11533,"2015-06-07","13:35:00",0,19851,25729,1906,88.2785,9,0.543,97.578565,16,0.488
2015,"Pittsburgh Pirates",11532,"2015-06-06","19:15:00",1,29666,35232,3283,88.2785,9,0.543,97.578565,16,0.488
2015,"Pittsburgh Pirates",11531,"2015-06-05","19:35:00",0,23803,29119,2631,88.2785,9,0.543,97.578565,16,0.488
2015,"San Diego Padres",11537,"2015-06-11","12:10:00",0,18832,27156,1138,100.675896,18,0.475,97.578565,16,0.488
2015,"San Diego Padres",11536,"2015-06-10","19:10:00",1,17375,23138,1541,100.675896,18,0.475,97.578565,16,0.488
2015,"San Diego Padres",11534,"2015-06-08","19:10:00",0,15076,22670,1164,100.675896,18,0.475,97.578565,16,0.488
2015,"San Diego Padres",11535,"2015-06-09","19:10:00",1,19246,25573,1875,100.675896,18,0.475,97.578565,16,0.488
2015,"San Francisco Giants",11557,"2015-08-04","19:10:00",0,13024,19722,1387,172.672111,8,0.543,97.578565,16,0.488
2015,"San Francisco Giants",11558,"2015-08-05","19:10:00",0,12982,18892,1685,172.672111,8,0.543,97.578565,16,0.488
2015,"San Francisco Giants",11556,"2015-08-03","19:10:00",1,15196,24762,1779,172.672111,8,0.543,97.578565,16,0.488
2015,"St. Louis Cardinals",11588,"2015-10-02","19:35:00",1,13860,26282,2179,120.869458,5,0.556,97.578565,16,0.488
2015,"St. Louis Cardinals",11589,"2015-10-03","19:10:00",1,11664,23130,60,120.869458,5,0.556,97.578565,16,0.488
2015,"St. Louis Cardinals",11590,"2015-10-04","13:00:00",1,16816,33442,1925,120.869458,5,0.556,97.578565,16,0.488
2015,"Tampa Bay Rays",11526,"2015-05-20","19:10:00",1,19017,26437,2062,76.061707,20,0.475,97.578565,16,0.488
2015,"Tampa Bay Rays",11525,"2015-05-19","19:10:00",0,15508,21878,1312,76.061707,20,0.475,97.578565,16,0.488
2015,"Toronto Blue Jays",11580,"2015-09-16","19:10:00",0,7617,16442,944,122.5066,14,0.512,97.578565,16,0.488
2015,"Toronto Blue Jays",11581,"2015-09-17","19:10:00",0,9088,20655,854,122.5066,14,0.512,97.578565,16,0.488
2015,"Toronto Blue Jays",11579,"2015-09-15","19:10:00",1,8109,18134,801,122.5066,14,0.512,97.578565,16,0.488
2015,"Washington Nationals",11513,"2015-04-29","19:10:00",0,7741,14222,842,164.920505,3,0.593,97.578565,16,0.488
2015,"Washington Nationals",11512,"2015-04-28","19:10:00",0,10278,16535,1012,164.920505,3,0.593,97.578565,16,0.488
2015,"Washington Nationals",11544,"2015-06-30","19:10:00",0,20158,25546,2019,164.920505,3,0.593,97.578565,16,0.488
2015,"Washington Nationals",11511,"2015-04-27","19:10:00",1,11718,18319,1277,164.920505,3,0.593,97.578565,16,0.488
2015,"Washington Nationals",11546,"2015-07-02","19:10:00",1,15984,20077,1939,164.920505,3,0.593,97.578565,16,0.488
2015,"Washington Nationals",11587,"2015-10-01","19:10:00",0,28590,40173,4066,164.920505,3,0.593,97.578565,16,0.488
2015,"Washington Nationals",11586,"2015-09-30","19:10:00",1,6571,15169,745,164.920505,3,0.593,97.578565,16,0.488
2015,"Washington Nationals",11545,"2015-07-01","19:10:00",1,11735,20727,1581,164.920505,3,0.593,97.578565,16,0.488
2015,"Washington Nationals",11585,"2015-09-29","19:10:00",1,6760,16435,689,164.920505,3,0.593,97.578565,16,0.488
2016,"Arizona Diamondbacks",12896,"2016-05-07","19:10:00",0,17549,23551,1812,87.622648,18,0.488,87.622648,28,0.414
2016,"Arizona Diamondbacks",12895,"2016-05-06","19:35:00",0,18519,25093,1631,87.622648,18,0.488,87.622648,28,0.414
2016,"Arizona Diamondbacks",12897,"2016-05-08","13:35:00",0,12026,18481,1472,87.622648,18,0.488,87.622648,28,0.414
2016,"Boston Red Sox",12893,"2016-04-25","19:10:00",0,19089,24139,1826,182.161414,19,0.481,87.622648,28,0.414
2016,"Boston Red Sox",12894,"2016-04-26","19:10:00",0,18937,24918,1940,182.161414,19,0.481,87.622648,28,0.414
2016,"Chicago Cubs",12913,"2016-06-10","19:35:00",1,26913,32415,3248,116.654522,3,0.599,87.622648,28,0.414
2016,"Chicago Cubs",12914,"2016-06-11","16:10:00",0,37751,44730,3581,116.654522,3,0.599,87.622648,28,0.414
2016,"Chicago Cubs",12915,"2016-06-12","13:35:00",0,25503,33055,2231,116.654522,3,0.599,87.622648,28,0.414
2016,"Cincinnati Reds",12917,"2016-06-14","19:10:00",0,7758,14400,893,116.732284,29,0.395,87.622648,28,0.414
2016,"Cincinnati Reds",12918,"2016-06-15","19:10:00",1,10260,16294,1078,116.732284,29,0.395,87.622648,28,0.414
2016,"Cincinnati Reds",12916,"2016-06-13","19:10:00",0,8817,14373,940,116.732284,29,0.395,87.622648,28,0.414
2016,"Cincinnati Reds",12919,"2016-06-16","12:10:00",1,14455,22980,954,116.732284,29,0.395,87.622648,28,0.414
2016,"Cleveland Indians",12926,"2016-06-29","19:10:00",0,11582,18085,1458,86.339067,15,0.503,87.622648,28,0.414
2016,"Cleveland Indians",12924,"2016-06-27","19:10:00",0,11211,16678,1267,86.339067,15,0.503,87.622648,28,0.414
2016,"Cleveland Indians",12925,"2016-06-28","19:10:00",0,13441,20940,1303,86.339067,15,0.503,87.622648,28,0.414
2016,"Colorado Rockies",12931,"2016-07-15","19:35:00",0,22167,28746,2106,98.261171,27,0.42,87.622648,28,0.414
2016,"Colorado Rockies",12932,"2016-07-16","19:10:00",0,23996,30001,2628,98.261171,27,0.42,87.622648,28,0.414
2016,"Colorado Rockies",12933,"2016-07-17","13:35:00",1,14148,20449,1425,98.261171,27,0.42,87.622648,28,0.414
2016,"Los Angeles Dodgers",12887,"2016-04-19","19:10:00",1,10717,15416,1294,223.352402,6,0.568,87.622648,28,0.414
2016,"Los Angeles Dodgers",12888,"2016-04-20","19:10:00",0,12599,17534,1600,223.352402,6,0.568,87.622648,28,0.414
2016,"Los Angeles Dodgers",12889,"2016-04-21","12:10:00",0,13190,19760,1391,223.352402,6,0.568,87.622648,28,0.414
2016,"Miami Marlins",12905,"2016-05-27","19:35:00",1,15419,20461,1804,84.6375,24,0.438,87.622648,28,0.414
2016,"Miami Marlins",12928,"2016-07-01","19:35:00",0,28378,33997,2259,84.6375,24,0.438,87.622648,28,0.414
2016,"Miami Marlins",12929,"2016-07-02","16:10:00",1,18876,24939,2363,84.6375,24,0.438,87.622648,28,0.414
2016,"Miami Marlins",12906,"2016-05-28","16:10:00",1,29917,36074,2650,84.6375,24,0.438,87.622648,28,0.414
2016,"Miami Marlins",12927,"2016-06-30","19:10:00",1,11244,17121,1231,84.6375,24,0.438,87.622648,28,0.414
2016,"Miami Marlins",12907,"2016-05-29","17:05:00",0,45269,51879,5967,84.6375,24,0.438,87.622648,28,0.414
2016,"Milwaukee Brewers",12902,"2016-05-24","19:10:00",0,9755,16587,914,98.683035,25,0.42,87.622648,28,0.414
2016,"Milwaukee Brewers",12903,"2016-05-25","19:10:00",0,8839,14261,865,98.683035,25,0.42,87.622648,28,0.414
2016,"Milwaukee Brewers",12904,"2016-05-26","19:10:00",0,9649,15970,922,98.683035,25,0.42,87.622648,28,0.414
2016,"New York Mets",12890,"2016-04-22","19:35:00",0,16075,22405,1525,99.626453,7,0.556,87.622648,28,0.414
2016,"New York Mets",12891,"2016-04-23","19:10:00",0,30206,37117,2696,99.626453,7,0.556,87.622648,28,0.414
2016,"New York Mets",12892,"2016-04-24","13:35:00",0,26312,33693,1929,99.626453,7,0.556,87.622648,28,0.414
2016,"New York Mets",12921,"2016-06-24","19:35:00",0,20109,27021,2019,99.626453,7,0.556,87.622648,28,0.414
2016,"New York Mets",12922,"2016-06-25","19:15:00",0,34253,42820,3334,99.626453,7,0.556,87.622648,28,0.414
2016,"New York Mets",12923,"2016-06-26","13:35:00",1,13919,21935,1570,99.626453,7,0.556,87.622648,28,0.414
2016,"New York Mets",12920,"2016-06-23","19:10:00",1,18351,23883,1922,99.626453,7,0.556,87.622648,28,0.414
2016,"Philadelphia Phillies",12898,"2016-05-10","19:10:00",0,9773,15628,935,133.048,30,0.389,87.622648,28,0.414
2016,"Philadelphia Phillies",12899,"2016-05-11","19:10:00",1,10126,15000,977,133.048,30,0.389,87.622648,28,0.414
2016,"Philadelphia Phillies",12900,"2016-05-12","19:10:00",0,11501,17000,1250,133.048,30,0.389,87.622648,28,0.414
2016,"Philadelphia Phillies",12937,"2016-07-31","13:35:00",1,13308,23085,1420,133.048,30,0.389,87.622648,28,0.414
2016,"Philadelphia Phillies",12934,"2016-07-28","19:10:00",0,15930,24061,1611,133.048,30,0.389,87.622648,28,0.414
2016,"Philadelphia Phillies",12935,"2016-07-29","19:35:00",1,21925,29347,1924,133.048,30,0.389,87.622648,28,0.414
2016,"Philadelphia Phillies",12936,"2016-07-30","19:10:00",0,30929,40307,2906,133.048,30,0.389,87.622648,28,0.414
2016,"Pittsburgh Pirates",12938,"2016-08-02","19:10:00",0,11748,22441,1405,85.885832,2,0.605,87.622648,28,0.414
2016,"Pittsburgh Pirates",12939,"2016-08-03","19:10:00",1,11916,20427,1384,85.885832,2,0.605,87.622648,28,0.414
2016,"Pittsburgh Pirates",12940,"2016-08-04","19:10:00",1,12292,21987,1534,85.885832,2,0.605,87.622648,28,0.414
2016,"San Francisco Giants",12910,"2016-06-01","19:10:00",1,11165,16199,1269,166.495942,12,0.518,87.622648,28,0.414
2016,"San Francisco Giants",12911,"2016-06-02","12:10:00",0,10750,17000,1172,166.495942,12,0.518,87.622648,28,0.414
2016,"San Francisco Giants",12908,"2016-05-30","13:10:00",1,18342,24521,1943,166.495942,12,0.518,87.622648,28,0.414
2016,"San Francisco Giants",12909,"2016-05-31","19:10:00",0,10536,16943,1117,166.495942,12,0.518,87.622648,28,0.414
2016,"St. Louis Cardinals",12884,"2016-04-08","19:35:00",0,21350,26230,2522,120.301957,1,0.617,87.622648,28,0.414
2016,"St. Louis Cardinals",12885,"2016-04-09","19:10:00",0,29564,35139,2953,120.301957,1,0.617,87.622648,28,0.414
2016,"St. Louis Cardinals",12886,"2016-04-10","13:35:00",0,19625,24723,2269,120.301957,1,0.617,87.622648,28,0.414
2016,"Washington Nationals",12882,"2016-04-04","16:10:00",0,42107,49949,4981,166.010977,13,0.512,87.622648,28,0.414
2016,"Washington Nationals",12883,"2016-04-06","19:10:00",0,15063,19697,1968,166.010977,13,0.512,87.622648,28,0.414
